NAME,circularity
Brantley,0.993600606887933
Oakman,0.9924058446153339
Goldville,0.9846786556269606
Coffee Springs,0.9791610362916161
